Jahr,Stadtteil,0 - 6 Jahre,7 - 17 Jahre,18 - 44 Jahre,45 - 64 Jahre,ab 65 Jahre,gesamt
2025,Altstadt,685,964,7673,2970,4710,17002
2025,Werder,129,213,1024,673,975,3014
2025,Alte Neustadt,512,840,7003,2037,1982,12374
2025,Neue Neustadt,1022,1716,6607,3606,3313,16264
2025,Neustädter See,571,1154,3486,2556,3710,11477
2025,Kannenstieg,396,740,1816,1299,2006,6257
2025,Neustädter Feld,391,864,2833,2416,3009,9513
2025,Sülzegrund,0,0,0,.,.,7
2025,Großer Silberberg,0,0,0,0,0,0
2025,Nordwest,162,472,866,1485,1503,4488
2025,Alt Olvenstedt,158,414,828,1341,1027,3768
2025,Neu Olvenstedt,681,1388,4119,2781,3123,12092
2025,Stadtfeld Ost,1362,2414,11291,5622,4575,25264
2025,Stadtfeld West,627,1296,4276,3955,4310,14464
2025,Diesdorf,283,578,1048,1285,949,4143
2025,Sudenburg,1078,1777,7938,4215,3710,18718
2025,Ottersleben,491,1168,2413,3424,2708,10204
2025,Lemsdorf,116,204,723,667,549,2259
2025,Leipziger Straße,1153,1603,7255,3084,3378,16473
2025,Reform,548,1104,2883,2992,4239,11766
2025,Hopfengarten,174,452,1027,1537,1205,4395
2025,Beyendorfer Grund,0,.,0,.,0,9
2025,Buckau,415,591,3243,1632,1055,6936
2025,Fermersleben,192,328,1471,940,749,3680
2025,Salbke,259,435,1490,1264,1165,4613
2025,Westerhüsen,198,420,982,984,810,3394
2025,Brückfeld,159,334,1329,863,802,3487
2025,Berliner Chaussee,143,281,617,842,571,2454
2025,Cracau,320,675,2723,2116,2081,7915
2025,Prester,76,216,419,756,513,1980
2025,Zipkeleben,40,64,99,61,21,285
2025,Kreuzhorst,0,0,0,0,0,0
2025,Herrenkrug,53,99,562,289,287,1290
2025,Rothensee,227,335,1139,802,653,3156
2025,Industriehafen,.,7,240,31,.,286
2025,Gewerbegebiet Nord,.,.,5,.,6,15
2025,Barleber See,4,10,13,26,22,75
2025,Pechau,28,62,102,190,149,531
2025,Randau-Calenberge,26,58,125,178,143,530
2025,Beyendorf-Sohlen,82,134,314,397,329,1256
2025,Magdeburg,12765,23412,89982,59330,60345,245834
2024,Altstadt,690,991,7493,3024,4676,16874
2024,Werder,130,200,972,675,977,2954
2024,Alte Neustadt,526,786,6850,2011,1973,12146
2024,Neue Neustadt,1066,1725,6525,3662,3265,16243
2024,Neustädter See,572,1185,3454,2595,3720,11526
2024,Kannenstieg,420,722,1765,1304,2039,6250
2024,Neustädter Feld,422,907,2891,2417,3013,9650
2024,Sülzegrund,0,0,0,.,.,7
2024,Großer Silberberg,0,0,0,0,0,0
2024,Nordwest,190,480,865,1520,1447,4502
2024,Alt Olvenstedt,180,408,842,1396,978,3804
2024,Neu Olvenstedt,702,1403,4068,2797,3081,12051
2024,Stadtfeld Ost,1479,2392,11237,5630,4557,25295
2024,Stadtfeld West,641,1279,4192,4012,4321,14445
2024,Diesdorf,301,563,1054,1282,876,4076
2024,Sudenburg,1109,1757,7726,4199,3694,18485
2024,Ottersleben,533,1147,2480,3462,2643,10265
2024,Lemsdorf,111,202,702,674,525,2214
2024,Leipziger Straße,1206,1572,7201,3084,3420,16483
2024,Reform,554,1086,2819,3059,4279,11797
2024,Hopfengarten,192,465,1016,1563,1201,4437
2024,Beyendorfer Grund,0,.,.,7,0,10
2024,Buckau,450,599,3299,1574,1034,6956
2024,Fermersleben,205,330,1440,945,707,3627
2024,Salbke,278,405,1601,1294,1142,4720
2024,Westerhüsen,201,395,951,986,799,3332
2024,Brückfeld,174,328,1334,850,793,3479
2024,Berliner Chaussee,136,279,613,853,575,2456
2024,Cracau,340,683,2615,2180,2021,7839
2024,Prester,72,234,416,781,508,2011
2024,Zipkeleben,48,55,108,57,22,290
2024,Kreuzhorst,0,0,0,0,0,0
2024,Herrenkrug,63,103,656,294,268,1384
2024,Rothensee,237,340,1134,794,658,3163
2024,Industriehafen,.,8,267,29,.,311
2024,Gewerbegebiet Nord,.,0,.,.,5,14
2024,Barleber See,6,9,18,24,23,80
2024,Pechau,23,66,100,203,135,527
2024,Randau-Calenberge,29,60,131,187,139,546
2024,Beyendorf-Sohlen,86,136,333,391,326,1272
2024,Magdeburg,13376,23301,89176,59821,59847,245521
2023,Altstadt,718,965,7264,3010,4662,16619
2023,Werder,169,183,974,677,978,2981
2023,Alte Neustadt,580,770,6521,2008,1976,11855
2023,Neue Neustadt,1119,1702,6220,3667,3232,15940
2023,Neustädter See,598,1177,3264,2574,3737,11350
2023,Kannenstieg,418,661,1637,1300,2084,6100
2023,Neustädter Feld,452,904,2886,2434,2955,9631
2023,Sülzegrund,0,0,0,.,.,7
2023,Großer Silberberg,0,0,0,0,0,0
2023,Nordwest,207,478,876,1536,1424,4521
2023,Alt Olvenstedt,192,412,842,1443,953,3842
2023,Neu Olvenstedt,777,1386,3962,2893,2942,11960
2023,Stadtfeld Ost,1569,2375,11132,5606,4540,25222
2023,Stadtfeld West,698,1284,4124,4051,4321,14478
2023,Diesdorf,304,509,1013,1284,855,3965
2023,Sudenburg,1182,1770,7552,4203,3623,18330
2023,Ottersleben,539,1171,2520,3476,2604,10310
2023,Lemsdorf,122,202,668,682,521,2195
2023,Leipziger Straße,1189,1519,6801,3094,3495,16098
2023,Reform,591,1075,2776,3064,4354,11860
2023,Hopfengarten,206,478,1024,1587,1166,4461
2023,Beyendorfer Grund,0,.,.,7,0,11
2023,Buckau,455,568,3179,1535,1015,6752
2023,Fermersleben,221,332,1415,957,661,3586
2023,Salbke,277,410,1520,1285,1136,4628
2023,Westerhüsen,222,366,952,990,816,3346
2023,Brückfeld,192,316,1276,820,787,3391
2023,Berliner Chaussee,142,267,622,870,564,2465
2023,Cracau,352,705,2659,2208,2022,7946
2023,Prester,70,236,421,794,500,2021
2023,Zipkeleben,56,47,114,51,22,290
2023,Kreuzhorst,0,0,0,0,0,0
2023,Herrenkrug,69,114,709,293,255,1440
2023,Rothensee,216,328,1094,791,637,3066
2023,Industriehafen,.,7,264,26,.,306
2023,Gewerbegebiet Nord,.,0,9,.,6,20
2023,Barleber See,9,7,20,22,24,82
2023,Pechau,25,66,100,213,128,532
2023,Randau-Calenberge,35,61,136,190,134,556
2023,Beyendorf-Sohlen,87,127,337,387,318,1256
2023,Magdeburg,14063,22979,86886,60035,59456,243419
2022,Altstadt,788,936,7284,3005,4675,16688
2022,Werder,181,186,965,692,1000,3024
2022,Alte Neustadt,621,736,6423,2008,2030,11818
2022,Neue Neustadt,1119,1625,6044,3749,3223,15760
2022,Neustädter See,582,1127,3130,2601,3756,11196
2022,Kannenstieg,424,644,1563,1311,2135,6077
2022,Neustädter Feld,478,923,2887,2423,2968,9679
2022,Sülzegrund,.,0,.,5,.,10
2022,Großer Silberberg,0,0,0,0,0,0
2022,Nordwest,210,474,862,1560,1393,4499
2022,Alt Olvenstedt,217,403,878,1457,943,3898
2022,Neu Olvenstedt,781,1356,3856,2933,2856,11782
2022,Stadtfeld Ost,1718,2329,11166,5550,4544,25307
2022,Stadtfeld West,745,1257,4166,4055,4374,14597
2022,Diesdorf,310,471,1002,1267,850,3900
2022,Sudenburg,1254,1715,7570,4176,3674,18389
2022,Ottersleben,584,1168,2613,3523,2567,10455
2022,Lemsdorf,118,204,661,668,540,2191
2022,Leipziger Straße,1235,1485,6576,3125,3566,15987
2022,Reform,601,1067,2669,3108,4411,11856
2022,Hopfengarten,207,477,1013,1591,1158,4446
2022,Beyendorfer Grund,0,.,.,7,0,13
2022,Buckau,469,526,3011,1508,968,6482
2022,Fermersleben,250,339,1417,943,662,3611
2022,Salbke,298,431,1376,1294,1134,4533
2022,Westerhüsen,229,361,963,1016,805,3374
2022,Brückfeld,207,315,1337,813,779,3451
2022,Berliner Chaussee,130,250,591,856,557,2384
2022,Cracau,405,700,2679,2254,2024,8062
2022,Prester,82,248,434,812,491,2067
2022,Zipkeleben,57,40,118,41,23,279
2022,Kreuzhorst,0,0,0,0,0,0
2022,Herrenkrug,70,109,611,292,260,1342
2022,Rothensee,215,314,1039,773,632,2973
2022,Industriehafen,5,8,154,19,6,192
2022,Gewerbegebiet Nord,.,0,9,4,.,19
2022,Barleber See,9,7,22,20,24,82
2022,Pechau,19,62,100,220,120,521
2022,Randau-Calenberge,35,66,129,195,128,553
2022,Beyendorf-Sohlen,96,121,339,388,312,1256
2022,Magdeburg,14752,22481,85663,60262,59595,242753
2021,Altstadt,773,836,7203,2949,4692,16453
2021,Werder,194,178,998,703,1014,3087
2021,Alte Neustadt,634,705,6355,1989,2059,11742
2021,Neue Neustadt,1089,1499,5986,3738,3144,15456
2021,Neustädter See,582,1072,3001,2573,3795,11023
2021,Kannenstieg,421,606,1506,1321,2144,5998
2021,Neustädter Feld,461,869,2833,2395,2920,9478
2021,Sülzegrund,.,0,.,5,.,10
2021,Großer Silberberg,0,0,0,0,0,0
2021,Nordwest,221,482,924,1598,1372,4597
2021,Alt Olvenstedt,231,394,896,1472,911,3904
2021,Neu Olvenstedt,758,1260,3763,2954,2736,11471
2021,Stadtfeld Ost,1807,2172,11171,5488,4568,25206
2021,Stadtfeld West,751,1213,4079,4067,4412,14522
2021,Diesdorf,316,450,1056,1278,811,3911
2021,Sudenburg,1264,1613,7438,4062,3699,18076
2021,Ottersleben,566,1141,2596,3536,2516,10355
2021,Lemsdorf,111,202,651,668,548,2180
2021,Leipziger Straße,1192,1381,6272,3080,3630,15555
2021,Reform,587,983,2577,3087,4491,11725
2021,Hopfengarten,219,463,1015,1581,1167,4445
2021,Beyendorfer Grund,0,.,11,.,0,20
2021,Buckau,453,536,2943,1409,923,6264
2021,Fermersleben,247,328,1379,945,670,3569
2021,Salbke,305,420,1386,1324,1113,4548
2021,Westerhüsen,215,362,920,1012,814,3323
2021,Brückfeld,197,307,1323,818,768,3413
2021,Berliner Chaussee,131,234,570,853,548,2336
2021,Cracau,411,666,2710,2250,2052,8089
2021,Prester,82,249,424,804,480,2039
2021,Zipkeleben,60,32,119,35,23,269
2021,Kreuzhorst,0,0,0,0,0,0
2021,Herrenkrug,68,123,600,297,263,1351
2021,Rothensee,228,293,1028,790,615,2954
2021,Industriehafen,4,5,132,23,6,170
2021,Gewerbegebiet Nord,.,.,.,.,.,17
2021,Barleber See,9,8,18,20,23,78
2021,Pechau,21,64,90,222,120,517
2021,Randau-Calenberge,37,59,136,196,129,557
2021,Beyendorf-Sohlen,90,115,339,398,320,1262
2021,Magdeburg,14738,21323,84457,59951,59501,239970
