Jahr,Stadtteil,Gesamt,Frauen,ausländische Bevölkerung,Anteil ausländischer Bevölkerung,Billeter-Maß J,Jugendquote,Altenquote,Altersdurchschnitt
2025,Altstadt,17002,8518,4366,25.679331843312553,-0.64343598055105344,15.49375176172132,44.25443953772433,46.194565345253501
2025,Werder,3014,1523,247,8.1950895819508958,-0.96918085969180856,20.153211549793753,57.454331172657632,49.313868613138688
2025,Alte Neustadt,12374,5765,3748,30.289316308388557,-0.29895846727529896,14.955752212389381,21.924778761061948,38.966946823985779
2025,Neue Neustadt,16264,7657,4963,30.515248401377278,-0.4717218793298904,26.808968961127977,32.439048271810442,42.157894736842103
2025,Neustädter See,11477,5818,2635,22.958961401062997,-0.97663869358131095,28.550148957298909,61.403508771929829,48.542258429903285
2025,Kannenstieg,6257,3177,1633,26.098769378296311,-0.85665382969619175,36.468699839486355,64.398073836276083,47.09821000479463
2025,Neustädter Feld,9513,4837,1306,13.728581940502471,-0.99653240864230463,23.909316060201942,57.325204800914463,48.783401660885104
2025,Sülzegrund,7,.,0,0,,.,.,.
2025,Großer Silberberg,0,0,0,0,0,0,0,0
2025,Nordwest,4488,2325,75,1.6711229946524064,-1.7206225680933853,26.96724797958316,63.930242450021268,51.796345811051694
2025,Alt Olvenstedt,3768,1904,84,2.2292993630573248,-1.3660565723793676,26.37159981558322,47.349008759797137,49.223195329087048
2025,Neu Olvenstedt,12092,6069,2172,17.962289116771419,-0.65943559224419279,29.985507246376812,45.260869565217391,44.908865365530929
2025,Stadtfeld Ost,25264,12802,2577,10.200284990500316,-0.41221260077635113,22.326021403653996,27.05019807248862,41.885647561747945
2025,Stadtfeld West,14464,7650,718,4.9640486725663715,-1.0831340812948318,23.362896367391571,52.363017859312357,49.223935287610622
2025,Diesdorf,4143,2077,60,1.448225923244026,-0.84631147540983609,36.905272181740251,40.677239605657952,45.451967173545739
2025,Sudenburg,18718,9162,3740,19.98076717598034,-0.46676467499737478,23.492141857977455,30.527441783921667,42.417833101827121
2025,Ottersleben,10204,5259,165,1.6170129361034888,-1.179546775130738,28.422134658214837,46.393695391468221,48.37916503332027
2025,Lemsdorf,2259,1138,154,6.8171757414785299,-0.86559139784946237,23.021582733812952,39.49640287769784,47.030765825586542
2025,Leipziger Straße,16473,8326,4669,28.343349723790446,-0.39508216101193994,26.656349743688946,32.672405455073026,41.413616220481998
2025,Reform,11766,6257,1528,12.986571477137515,-1.3996832101372756,28.119148936170212,72.153191489361703,51.714006459289479
2025,Hopfengarten,4395,2174,114,2.5938566552901023,-1.3349381017881705,24.414976599063962,46.996879875195006,49.717519908987484
2025,Beyendorfer Grund,9,.,0, .       ,.,.,.,.
2025,Buckau,6936,3409,922,13.292964244521338,-0.35966950684224114,20.635897435897434,21.641025641025642,40.862600922722031
2025,Fermersleben,3680,1745,669,18.179347826086957,-0.57629960871995534,21.567814184985483,31.065947739527168,43.325271739130436
2025,Salbke,4613,2150,717,15.543030565792327,-0.83537559936068195,25.199709513435003,42.302106027596224,46.302081075222198
2025,Westerhüsen,3394,1692,225,6.629345904537419,-0.82420971472629145,31.434384537131233,41.200406917599189,45.662050677666471
2025,Brückfeld,3487,1788,332,9.5210782907943798,-0.63303303303303304,22.490875912408757,36.587591240875909,44.758388299397765
2025,Berliner Chaussee,2454,1209,36,1.4669926650366749,-1.0373831775700935,29.061000685400963,39.136394790952707,47.007742461287691
2025,Cracau,7915,4121,659,8.325963360707517,-0.86723832052040217,20.562099607356892,43.004753048150448,47.18603916614024
2025,Prester,1980,988,18,0.90909090909090906,-1.4490445859872612,24.851063829787236,43.659574468085104,49.465151515151518
2025,Zipkeleben,285,136,6,2.1052631578947367,0.27611940298507465,65,13.125,33.5140350877193
2025,Kreuzhorst,0,0,0,0,0,0,0,0
2025,Herrenkrug,1290,595,300,23.255813953488371,-0.55089820359281438,17.861339600470036,33.725029377203292,43.248062015503876
2025,Rothensee,3156,1533,294,9.3155893536121681,-0.53867991483321509,28.954147346728494,33.642452344152503,43.128010139416986
2025,Industriehafen,286,25,237,82.867132867132867,0,3.6900369003690034,1.8450184501845017,31.63986013986014
2025,Gewerbegebiet Nord,15,7,4, .       ,.,.,.,.
2025,Barleber See,75,37,., .       ,-1.2272727272727273,35.897435897435898,56.410256410256409,48.046666666666667
2025,Pechau,531,262,7,1.3182674199623352,-1.4716981132075471,30.82191780821918,51.027397260273979,49.430320150659135
2025,Randau-Calenberge,530,259,4,0.75471698113207553,-1.2721893491124261,27.722772277227726,47.194719471947195,48.667924528301889
2025,Beyendorf-Sohlen,1256,622,18,1.4331210191082804,-1.0597701149425287,30.37974683544304,46.272855133614627,47.585987261146499
2025,Magdeburg,245834,123023,39404,16.028702295044621,-0.68539386961370041,24.229130947278183,40.415371838834119,45.242521376213219
2024,Altstadt,16874,8519,4013,23.782150053336494,-0.66169860421102433,15.983645526290768,44.461348293239517,46.25856347042788
2024,Werder,2954,1510,194,6.567366283006093,-1.0495303159692571,20.036429872495447,59.319975713418337,49.838185511171297
2024,Alte Neustadt,12146,5656,3608,29.705252758109669,-0.31713147410358566,14.806455253357409,22.266109919873603,39.224847686481148
2024,Neue Neustadt,16243,7718,4727,29.101766914978761,-0.47672038884625223,27.39766368901541,32.050652792775104,42.108323585544539
2024,Neustädter See,11526,5865,2535,21.993753253513795,-0.99632690541781455,29.046123326169614,61.497768226153084,48.459309387471805
2024,Kannenstieg,6250,3201,1582,25.312000000000001,-0.91113066432028156,37.210817855979144,66.438579341805152,47.378239999999998
2024,Neustädter Feld,9650,4907,1283,13.295336787564768,-0.98464389727296797,25.037678975131879,56.76337603617182,48.448290155440418
2024,Sülzegrund,7,.,0,0,,.,.,.
2024,Großer Silberberg,0,0,0,0,0,0,0,0
2024,Nordwest,4502,2330,67,1.4882274544646823,-1.6796267496111976,28.092243186582809,60.670859538784072,51.312749888938249
2024,Alt Olvenstedt,3804,1926,90,2.3659305993690851,-1.3462489694971147,26.273458445040216,43.699731903485258,48.816771819137749
2024,Neu Olvenstedt,12051,6079,1960,16.264210438967723,-0.67812254516889237,30.662782228696283,44.879825200291336,44.836652559953528
2024,Stadtfeld Ost,25295,12816,2432,9.6145483297094287,-0.40502142373900624,22.950139325309777,27.017252623465936,41.712334453449301
2024,Stadtfeld West,14445,7675,664,4.5967462789892695,-1.1401213500189609,23.403217942467087,52.669429546562654,49.457078573901001
2024,Diesdorf,4076,2037,50,1.2266928361138372,-0.8,36.986301369863014,37.5,44.68915603532875
2024,Sudenburg,18485,9101,3460,18.717879361644577,-0.47779578606158835,24.033542976939202,30.976939203354299,42.504327833378412
2024,Ottersleben,10265,5268,171,1.665854846566001,-1.1624350836699364,28.273308650286101,44.479973073039382,48.083536288358502
2024,Lemsdorf,2214,1112,133,6.0072267389340555,-0.86961325966850833,22.747093023255811,38.154069767441861,46.855013550135503
2024,Leipziger Straße,16483,8341,4520,27.422192562033608,-0.40826347305389221,27.010209042294601,33.252309188138064,41.478159315658559
2024,Reform,11797,6294,1416,12.003051623294057,-1.462972972972973,27.900646478394009,72.796869683565831,51.944689327795203
2024,Hopfengarten,4437,2189,133,2.9975208474194273,-1.3404109589041096,25.474990306320279,46.568437378829003,49.470024791525809
2024,Beyendorfer Grund,10,.,0,.,.,.,.,.
2024,Buckau,6956,3457,844,12.133410005750431,-0.33453422542460115,21.526780217525136,21.218961625282169,40.330506037952844
2024,Fermersleben,3627,1725,626,17.259443065894679,-0.56899488926746167,22.431865828092242,29.643605870020966,42.88296112489661
2024,Salbke,4720,2168,778,16.48305084745763,-0.80264496439471011,23.592400690846286,39.447322970639028,45.765042372881354
2024,Westerhüsen,3332,1661,212,6.3625450180072027,-0.86570743405275774,30.76923076923077,41.249354672173467,45.936074429771907
2024,Brückfeld,3479,1796,331,9.5142282265018689,-0.64031862745098034,22.985347985347985,36.30952380952381,44.530755964357574
2024,Berliner Chaussee,2456,1219,33,1.3436482084690555,-1.1105769230769231,28.30832196452933,39.222373806275577,47.299267100977197
2024,Cracau,7839,4082,599,7.6412807756091343,-0.89772727272727271,21.334723670490092,42.148070907194999,47.192180125015945
2024,Prester,2011,1001,21,1.04425658876181,-1.445324881141046,25.563909774436087,42.439431913116124,49.189706613625063
2024,Zipkeleben,290,138,7,2.4137931034482758,0.27407407407407408,62.424242424242429,13.333333333333334,33.1
2024,Kreuzhorst,0,0,0,0,0,0,0,0
2024,Herrenkrug,1384,592,387,27.962427745664741,-0.43864229765013057,17.473684210526315,28.210526315789476,41.517341040462426
2024,Rothensee,3163,1560,278,8.7891242491305732,-0.54361932227829846,29.927385892116181,34.128630705394194,42.827853303825485
2024,Industriehafen,311,25,263,84.565916398713824,0,3.7162162162162162,1.3513513513513513,30.827974276527332
2024,Gewerbegebiet Nord,14,6,.,.,.,.,.,.
2024,Barleber See,80,39,.,.,-1.1599999999999999,35.714285714285715,54.761904761904766,46.9375
2024,Pechau,527,261,7,1.3282732447817838,-1.5225806451612902,29.372937293729372,44.554455445544555,49.543643263757119
2024,Randau-Calenberge,546,267,4,0.73260073260073255,-1.2122905027932962,27.987421383647799,43.710691823899374,48.153846153846153
2024,Beyendorf-Sohlen,1272,630,23,1.8081761006289307,-0.98245614035087714,30.662983425414364,45.027624309392266,46.845125786163521
2024,Magdeburg,245521,123178,37454,15.254906912239685,-0.69579850478633898,24.615931864399954,40.166580535178561,45.179905181226857
2023,Altstadt,16619,8408,3715,22.3539322462242,-0.68691073833721072,16.381156316916488,45.376678995522681,46.399211745592396
2023,Werder,2981,1524,181,6.071787990607179,-1.0460069444444444,21.320411871592974,59.236826165960025,49.298725259979875
2023,Alte Neustadt,11855,5554,3225,27.203711514129058,-0.33543064876957496,15.828350334154063,23.168015007621058,39.440868831716578
2023,Neue Neustadt,15940,7649,4301,26.982434127979925,-0.49752772952024588,28.532416304237891,32.689390108222923,42.248996235884569
2023,Neustädter See,11350,5830,2321,20.44933920704846,-1.0517158047365878,30.404248030147311,64.01164782459746,48.621497797356831
2023,Kannenstieg,6100,3174,1426,23.377049180327869,-1.0209224916785544,36.738168198842359,70.956758597208037,48.114754098360656
2023,Neustädter Feld,9631,4876,1166,12.106738656421971,-0.97671929355097675,25.488721804511279,55.545112781954884,48.131606271415222
2023,Sülzegrund,7,4,0,0, .       ,0,75,64.928571428571431
2023,Großer Silberberg,0,0,0,0,0,0,0,0
2023,Nordwest,4521,2334,68,1.5040920150409203,-1.652542372881356,28.399668325041461,59.038142620232172,50.919597434195971
2023,Alt Olvenstedt,3842,1944,80,2.0822488287350338,-1.3811881188118811,26.433260393873088,41.706783369803063,48.590057261842787
2023,Neu Olvenstedt,11960,6074,1729,14.456521739130434,-0.68495934959349591,31.553610503282275,42.917578409919763,44.478177257525083
2023,Stadtfeld Ost,25222,12851,2251,8.9247482356672752,-0.4072161033042157,23.563149719201817,27.12390966662684,41.588851003092536
2023,Stadtfeld West,14478,7686,621,4.2892664732697883,-1.1632731463695736,24.244648318042813,52.856269113149843,49.378643459041307
2023,Diesdorf,3965,1987,45,1.1349306431273645,-0.87920937042459735,35.39399216369177,37.222464083587283,45.054854981084489
2023,Sudenburg,18330,9126,3223,17.583196944899075,-0.48026970266386648,25.112717992343686,30.820927264993621,42.365302782324058
2023,Ottersleben,10310,5286,173,1.6779825412221143,-1.168110918544194,28.519012675116745,43.428952635090063,47.77720659553831
2023,Lemsdorf,2195,1103,116,5.284738041002278,-0.908881199538639,24,38.592592592592595,46.851708428246013
2023,Leipziger Straße,16098,8229,4133,25.673996769785067,-0.45459170694479778,27.367357251136937,35.320869125821119,42.057895390731765
2023,Reform,11860,6329,1318,11.112984822934232,-1.5152766308835672,28.527397260273972,74.554794520547944,52.015092748735242
2023,Hopfengarten,4461,2204,125,2.8020623178659494,-1.327385037748799,26.196859440827268,44.657219456147068,49.051894194126881
2023,Beyendorfer Grund,11, .       ,0, .       ,-1.25,10,0,44.590909090909093
2023,Buckau,6752,3375,718,10.633886255924169,-0.33922829581993569,21.701315231226133,21.531607976240984,40.442387440758296
2023,Fermersleben,3586,1712,574,16.006692693809256,-0.55516637478108577,23.313659359190556,27.866779089376053,42.47936419408812
2023,Salbke,4628,2146,731,15.795159896283492,-0.83800952885124402,24.491978609625669,40.499108734402853,45.942523768366463
2023,Westerhüsen,3346,1654,207,6.186491332934847,-0.90453074433656955,30.278063851699276,42.018537590113283,46.179019725044832
2023,Brückfeld,3391,1768,307,9.0533765850781478,-0.65344603381014299,24.236641221374043,37.547709923664122,44.443084635800652
2023,Berliner Chaussee,2465,1227,33,1.3387423935091278,-1.1457831325301204,27.412868632707777,37.801608579088466,47.188438133874236
2023,Cracau,7946,4120,537,6.7581172917191044,-0.89691979261970112,21.717690569139101,41.545099650708856,46.934935816763151
2023,Prester,2021,1007,21,1.0390895596239487,-1.4432176656151419,25.185185185185183,41.152263374485599,48.885947550717468
2023,Zipkeleben,290,138,7,2.4137931034482758,0.34328358208955223,62.424242424242429,13.333333333333334,32.086206896551722
2023,Kreuzhorst,0,0,0,0,0,0,0,0
2023,Herrenkrug,1440,590,431,29.930555555555554,-0.39281288723667906,18.263473053892216,25.449101796407188,40.009722222222223
2023,Rothensee,3066,1483,232,7.5668623613829089,-0.58666666666666667,28.859416445623342,33.793103448275865,43.11643835616438
2023,Industriehafen,306,27,256,83.66013071895425,-2.1428571428571429E-2,3.4482758620689653,2.0689655172413794,31.156862745098039
2023,Gewerbegebiet Nord,20,8, .       , .       , .       , .       , .       , .       
2023,Barleber See,82,41, .       , .       ,-1,38.095238095238095,57.142857142857139,46.146341463414636
2023,Pechau,532,261,7,1.3157894736842104,-1.5290322580645161,29.073482428115017,40.894568690095845,49.156015037593988
2023,Randau-Calenberge,556,275,4,0.71942446043165476,-1.1827956989247312,29.447852760736197,41.104294478527606,47.39568345323741
2023,Beyendorf-Sohlen,1256,617,18,1.4331210191082804,-1.0505747126436782,29.55801104972376,43.922651933701658,46.902070063694268
2023,Magdeburg,243419,122624,34303,14.092162074447762,-0.71774536988842308,25.21218886340278,40.468006615800327,45.193922824430302
2022,Altstadt,16688,8526,3662,21.943911792905084,-0.68609645355258309,16.755758577121195,45.436874331810671,46.171081016299134
2022,Werder,3024,1525,174,5.753968253968254,-1.1097345132743364,22.148461074230539,60.350030175015092,49.451388888888886
2022,Alte Neustadt,11818,5580,3048,25.791166017938739,-0.3566533409480297,16.095362353220256,24.077808089194637,39.713826366559488
2022,Neue Neustadt,15760,7618,3948,25.050761421319795,-0.53106876553438276,28.020014295925659,32.911263147145917,42.60564720812183
2022,Neustädter See,11196,5776,2072,18.506609503394071,-1.1105527638190955,29.820275693596233,65.538300471121971,49.045194712397283
2022,Kannenstieg,6077,3204,1308,21.523778180023037,-1.1178518150174044,37.160751565762006,74.28670842032011,48.620618726345235
2022,Neustädter Feld,9679,4913,1079,11.147845851844199,-0.991044776119403,26.384180790960453,55.89453860640301,48.012449633226574
2022,Sülzegrund,10,.,0,0,.,.,.,.
2022,Großer Silberberg,0,0,0,0,0,0,0,0
2022,Nordwest,4499,2325,68,1.5114469882196044,-1.6912698412698413,28.241123038810901,57.514450867052027,50.787397199377637
2022,Alt Olvenstedt,3898,1967,84,2.1549512570549001,-1.3357546408393866,26.552462526766597,40.385438972162738,48.088250384812724
2022,Neu Olvenstedt,11782,5952,1541,13.079273468002036,-0.71320437342304455,31.477389895419062,42.068051259390188,44.455780003395006
2022,Stadtfeld Ost,25307,13007,2129,8.4126921405144834,-0.40301592161665645,24.210337401292175,27.183536731275424,41.370312561741812
2022,Stadtfeld West,14597,7720,565,3.8706583544563951,-1.187524290711232,24.352268580464663,53.20520617929693,49.282763581557852
2022,Diesdorf,3900,1944,57,1.4615384615384615,-0.93067068575734735,34.420449537241076,37.4614367562803,45.212564102564102
2022,Sudenburg,18389,9230,3099,16.852466148240797,-0.48397507233474291,25.27668993699983,31.278733185765368,42.300152264940998
2022,Ottersleben,10455,5350,208,1.9894787183165947,-1.1254912970241437,28.552803129074317,41.835071707953063,47.380631276901006
2022,Lemsdorf,2191,1094,131,5.9790050205385672,-0.94935217903415781,24.228743416102333,40.632054176072238,47.217480602464626
2022,Leipziger Straße,15987,8217,3815,23.863138800275223,-0.48085496984002096,28.03834656221008,36.759097000309247,42.299774817038845
2022,Reform,11856,6376,1170,9.8684210526315788,-1.5927189988623436,28.873117535052796,76.354509260862031,52.188427800269906
2022,Hopfengarten,4446,2194,109,2.4516419253261357,-1.3211072664359862,26.267281105990779,44.47004608294931,48.967161493477285
2022,Beyendorfer Grund,13,.,.,.,.,.,.,.
2022,Buckau,6482,3239,643,9.9197778463437203,-0.3414289748658571,22.018145607435276,21.420668289444567,40.397716754088243
2022,Fermersleben,3611,1734,553,15.314317363611188,-0.53177842565597666,24.957627118644069,28.050847457627121,41.9970922182221
2022,Salbke,4533,2177,548,12.089124200308845,-0.89827586206896548,27.303370786516858,42.471910112359552,46.173946613721597
2022,Westerhüsen,3374,1686,211,6.2537048014226437,-0.91993464052287577,29.81303688731683,40.677109651339059,45.960580912863072
2022,Brückfeld,3451,1775,308,8.9249492900608516,-0.62468354430379747,24.279069767441861,36.232558139534881,43.944219066937123
2022,Berliner Chaussee,2384,1194,29,1.2164429530201342,-1.19,26.261230131306153,38.493434692467169,47.578439597315437
2022,Cracau,8062,4186,480,5.9538576035723141,-0.89441747572815533,22.400162173119806,41.02979931076424,46.684321508310596
2022,Prester,2067,1022,13,0.62893081761006298,-1.3898305084745763,26.484751203852326,39.406099518459072,48.306966618287376
2022,Zipkeleben,279,132,8,2.8673835125448028,0.3014705882352941,61.0062893081761,14.465408805031446,31.983870967741936
2022,Kreuzhorst,0,0,0,0,0,0,0,0
2022,Herrenkrug,1342,581,339,25.260804769001489,-0.46781115879828328,19.822812846068661,28.792912513842744,41.172131147540981
2022,Rothensee,2973,1426,212,7.1308442650521355,-0.6207974980453479,29.194260485651213,34.87858719646799,43.400773629330644
2022,Industriehafen,192,25,145,75.520833333333343,-5.5214723926380369E-2,7.5144508670520231,3.4682080924855487,33.494791666666664
2022,Gewerbegebiet Nord,19,8,.,.,.,.,.,.
2022,Barleber See,82,42,.,.,-0.80645161290322576,38.095238095238095,57.142857142857139,45.5
2022,Pechau,521,252,.,.,-1.5723684210526316,25.3125,37.5,49.375239923224569
2022,Randau-Calenberge,553,271,.,.,-1.1584699453551912,31.172839506172838,39.506172839506171,47.160036166365281
2022,Beyendorf-Sohlen,1256,615,13,1.0350318471337578,-1.0562060889929743,29.848693259972492,42.916093535075653,46.536624203821653
2022,Magdeburg,242753,122891,31779,13.091084353231475,-0.73613296142227025,25.515161898235394,40.839472331677229,45.217091034920266
2021,Altstadt,16453,8372,3142,19.096821248404545,-0.70769807548112973,15.84909377462569,46.217494089834517,46.42432990943901
2021,Werder,3087,1549,130,4.2112082928409462,-1.1088850174216027,21.869488536155202,59.611992945326278,49.374959507612566
2021,Alte Neustadt,11742,5514,2905,24.740248679952309,-0.36529548088064889,16.047459252157239,24.676414189837008,39.806506557656277
2021,Neue Neustadt,15456,7391,3376,21.842650103519667,-0.547752808988764,26.614561908679558,32.3323735088441,42.715450310559007
2021,Neustädter See,11023,5649,1718,15.585593758504945,-1.1780857740585775,29.673484033010407,68.083961248654461,49.524222081103147
2021,Kannenstieg,5998,3159,1128,18.806268756252084,-1.1981327800829875,36.328263176512202,75.840113194198793,49.1133711237079
2021,Neustädter Feld,9478,4763,797,8.4089470352395015,-1.0318346830494276,25.43993879112471,55.853098699311396,48.181261869592738
2021,Sülzegrund,10,5,0,0,.,.,.,.
2021,Großer Silberberg,0,0,0,0,0,0,0,0
2021,Nordwest,4597,2350,64,1.3922123123776375,-1.590497737556561,27.874702616970659,54.401268834258524,50.218947139438761
2021,Alt Olvenstedt,3904,1954,56,1.4344262295081966,-1.3151999999999999,26.393581081081081,38.471283783783782,47.665983606557376
2021,Neu Olvenstedt,11471,5778,1176,10.251939673960422,-0.75246656434992332,30.043174036027985,40.732469852612773,44.667552959637348
2021,Stadtfeld Ost,25206,12898,1617,6.4151392525589142,-0.40955763143673279,23.88498709406327,27.420613482201812,41.362294691740061
2021,Stadtfeld West,14522,7670,379,2.6098333562870129,-1.2177514792899409,24.109992634421801,54.161551681807019,49.454896019831978
2021,Diesdorf,3911,1939,56,1.4318588596266939,-0.88436363636363635,32.819194515852615,34.747215081405315,44.828816159549987
2021,Sudenburg,18076,9018,2515,13.913476432839122,-0.49772623919963621,25.017391304347825,32.165217391304346,42.47958619163532
2021,Ottersleben,10355,5280,148,1.429261226460647,-1.1429383347541915,27.837573385518592,41.030658838878011,47.383534524384352
2021,Lemsdorf,2180,1097,94,4.3119266055045875,-0.99037304452466912,23.730098559514783,41.546626231993933,47.553669724770643
2021,Leipziger Straße,15555,7972,3116,20.032144005143042,-0.52677100494233942,27.512831479897347,38.815226689478187,42.891192542590808
2021,Reform,11725,6302,830,7.0788912579957355,-1.6948952493360874,27.718926553672318,79.290254237288138,52.71415778251599
2021,Hopfengarten,4445,2185,63,1.4173228346456692,-1.2907216494845362,26.271186440677969,44.953775038520796,48.874578177727784
2021,Beyendorfer Grund,20,6,7,0,.,.,.,.
2021,Buckau,6264,3063,531,8.4770114942528725,-0.3249708284714119,22.725183823529413,21.208639705882355,40.149904214559385
2021,Fermersleben,3569,1690,491,13.757355001400953,-0.56253740275284259,24.741824440619624,28.829604130808949,42.213084897730454
2021,Salbke,4548,2186,540,11.87335092348285,-0.88348416289592757,26.752767527675275,41.070110701107012,45.92194371152155
2021,Westerhüsen,3323,1658,148,4.453806801083358,-0.98369098712446357,29.865424430641824,42.132505175983439,46.200270839602766
2021,Brückfeld,3413,1739,244,7.1491356577790794,-0.6335245379222435,23.540401681457261,35.871088276506306,43.94887196015236
2021,Berliner Chaussee,2336,1167,22,0.94178082191780821,-1.2151088348271446,25.650035137034433,38.510189739985947,47.563356164383563
2021,Cracau,8089,4177,323,3.9930770181728277,-0.90036341611144766,21.713709677419356,41.37096774193548,46.741686240573621
2021,Prester,2039,1014,10,0.49043648847474253,-1.3716951788491447,26.954397394136809,39.087947882736159,48.129720451201571
2021,Zipkeleben,269,128,.,.,0.2846153846153846,59.740259740259738,14.935064935064934,31.366171003717472
2021,Kreuzhorst,0,0,0,0,0,0,0,0
2021,Herrenkrug,1351,605,319,23.612139156180607,-0.46088193456614507,21.293199554069119,29.31995540691193,41.267579570688376
2021,Rothensee,2954,1420,196,6.6350710900473935,-0.62939796716184515,28.657865786578657,33.828382838283829,43.327352742044688
2021,Industriehafen,170,22,128,75.294117647058826,-9.0909090909090912E-2,5.806451612903226,3.870967741935484,34.5
2021,Gewerbegebiet Nord,17,7,.,.,.,.,.,.
2021,Barleber See,78,41,0,0,.,.,.,.
2021,Pechau,517,251,.,.,-1.6,27.243589743589741,38.461538461538467,49.277562862669242
2021,Randau-Calenberge,557,272,4,0.71813285457809695,-1.1542553191489362,28.915662650602407,38.855421686746986,47.349192100538602
2021,Beyendorf-Sohlen,1262,614,10,0.79239302694136293,-1.0739030023094689,27.815468113975577,43.419267299864316,46.886687797147388
2021,Magdeburg,239970,120905,26290,10.955536108680251,-0.75749889396844128,24.971608221151183,41.20339593374328,45.370446305788221
