Jahr,Stadtteil,Wohnberechtigte Bevölkerung (ausländisch) (männlich),Wohnberechtigte Bevölkerung (ausländisch) (weiblich),Wohnberechtigte Bevölkerung (ausländisch) (gesamt),Ausländische Bevölkerung am Ort der Hauptwohnung (männlich),Ausländische Bevölkerung am Ort der Hauptwohnung (weiblich),Ausländische Bevölkerung am Ort der Hauptwohnung (gesamt)
2025,Altstadt,2541,1857,4398,2521,1845,4366
2025,Werder,143,107,250,141,106,247
2025,Alte Neustadt,2259,1515,3774,2243,1505,3748
2025,Neue Neustadt,2967,2014,4981,2953,2010,4963
2025,Neustädter See,1520,1128,2648,1513,1122,2635
2025,Kannenstieg,924,712,1636,921,712,1633
2025,Neustädter Feld,663,648,1311,660,646,1306
2025,Sülzegrund,0,0,0,0,0,0
2025,Großer Silberberg,0,0,0,0,0,0
2025,Nordwest,40,35,75,40,35,75
2025,Alt Olvenstedt,38,46,84,38,46,84
2025,Neu Olvenstedt,1184,992,2176,1181,991,2172
2025,Stadtfeld Ost,1392,1194,2586,1386,1191,2577
2025,Stadtfeld West,345,377,722,342,376,718
2025,Diesdorf,31,29,60,31,29,60
2025,Sudenburg,2111,1644,3755,2101,1639,3740
2025,Ottersleben,86,79,165,86,79,165
2025,Lemsdorf,84,71,155,83,71,154
2025,Leipziger Straße,2585,2112,4697,2565,2104,4669
2025,Reform,829,699,1528,829,699,1528
2025,Hopfengarten,56,58,114,56,58,114
2025,Beyendorfer Grund,0,0,0,0,0,0
2025,Buckau,499,430,929,495,427,922
2025,Fermersleben,406,268,674,403,266,669
2025,Salbke,466,252,718,466,251,717
2025,Westerhüsen,103,124,227,102,123,225
2025,Brückfeld,162,173,335,160,172,332
2025,Berliner Chaussee,19,18,37,18,18,36
2025,Cracau,343,321,664,341,318,659
2025,Prester,8,10,18,8,10,18
2025,Zipkeleben,.,.,6,.,.,6
2025,Kreuzhorst,0,0,0,0,0,0
2025,Herrenkrug,208,95,303,207,93,300
2025,Rothensee,172,122,294,172,122,294
2025,Industriehafen,237,0,237,237,0,237
2025,Gewerbegebiet Nord,.,.,.,.,.,.
2025,Barleber See,.,.,.,.,.,.
2025,Pechau,.,.,7,.,.,7
2025,Randau-Calenberge,.,.,4,.,.,4
2025,Beyendorf-Sohlen,7,11,18,7,11,18
2025,Magdeburg,22437,17155,39592,22315,17089,39404
2024,Altstadt,2295,1741,4036,2281,1732,4013
2024,Werder,112,83,195,111,83,194
2024,Alte Neustadt,2217,1410,3627,2205,1403,3608
2024,Neue Neustadt,2764,1973,4737,2757,1970,4727
2024,Neustädter See,1456,1087,2543,1451,1084,2535
2024,Kannenstieg,877,708,1585,874,708,1582
2024,Neustädter Feld,639,644,1283,639,644,1283
2024,Sülzegrund,0,0,0,0,0,0
2024,Großer Silberberg,0,0,0,0,0,0
2024,Nordwest,34,33,67,34,33,67
2024,Alt Olvenstedt,39,52,91,38,52,90
2024,Neu Olvenstedt,1080,883,1963,1078,882,1960
2024,Stadtfeld Ost,1318,1127,2445,1309,1123,2432
2024,Stadtfeld West,304,364,668,302,362,664
2024,Diesdorf,23,27,50,23,27,50
2024,Sudenburg,1935,1533,3468,1927,1533,3460
2024,Ottersleben,84,87,171,84,87,171
2024,Lemsdorf,68,66,134,67,66,133
2024,Leipziger Straße,2523,2020,4543,2506,2014,4520
2024,Reform,755,663,1418,754,662,1416
2024,Hopfengarten,65,69,134,65,68,133
2024,Beyendorfer Grund,0,0,0,0,0,0
2024,Buckau,444,408,852,440,404,844
2024,Fermersleben,386,246,632,383,243,626
2024,Salbke,532,247,779,532,246,778
2024,Westerhüsen,103,109,212,103,109,212
2024,Brückfeld,153,181,334,151,180,331
2024,Berliner Chaussee,16,17,33,16,17,33
2024,Cracau,292,312,604,289,310,599
2024,Prester,11,10,21,11,10,21
2024,Zipkeleben,.,.,7,.,.,7
2024,Kreuzhorst,0,0,0,0,0,0
2024,Herrenkrug,299,90,389,297,90,387
2024,Rothensee,144,134,278,144,134,278
2024,Industriehafen,263,0,263,263,0,263
2024,Gewerbegebiet Nord,.,0,.,.,0,.
2024,Barleber See,.,.,.,.,.,.
2024,Pechau,.,.,7,.,.,7
2024,Randau-Calenberge,.,.,4,.,.,4
2024,Beyendorf-Sohlen,11,12,23,11,12,23
2024,Magdeburg,21250,16349,37599,21153,16301,37454
2023,Altstadt,2122,1620,3742,2105,1610,3715
2023,Werder,103,79,182,102,79,181
2023,Alte Neustadt,1956,1289,3245,1943,1282,3225
2023,Neue Neustadt,2467,1847,4314,2458,1843,4301
2023,Neustädter See,1294,1034,2328,1288,1033,2321
2023,Kannenstieg,778,653,1431,773,653,1426
2023,Neustädter Feld,590,577,1167,589,577,1166
2023,Sülzegrund,0,0,0,0,0,0
2023,Großer Silberberg,0,0,0,0,0,0
2023,Nordwest,35,34,69,34,34,68
2023,Alt Olvenstedt,37,44,81,37,43,80
2023,Neu Olvenstedt,931,801,1732,928,801,1729
2023,Stadtfeld Ost,1193,1070,2263,1186,1065,2251
2023,Stadtfeld West,285,338,623,284,337,621
2023,Diesdorf,20,25,45,20,25,45
2023,Sudenburg,1770,1462,3232,1762,1461,3223
2023,Ottersleben,82,94,176,81,92,173
2023,Lemsdorf,66,52,118,64,52,116
2023,Leipziger Straße,2260,1900,4160,2247,1886,4133
2023,Reform,706,616,1322,705,613,1318
2023,Hopfengarten,59,66,125,59,66,125
2023,Beyendorfer Grund,0,0,0,0,0,0
2023,Buckau,356,365,721,355,363,718
2023,Fermersleben,340,237,577,339,235,574
2023,Salbke,501,232,733,500,231,731
2023,Westerhüsen,102,105,207,102,105,207
2023,Brückfeld,145,164,309,144,163,307
2023,Berliner Chaussee,15,18,33,15,18,33
2023,Cracau,266,276,542,263,274,537
2023,Prester,10,11,21,10,11,21
2023,Zipkeleben,.,.,7,.,.,7
2023,Kreuzhorst,0,0,0,0,0,0
2023,Herrenkrug,341,92,433,339,92,431
2023,Rothensee,124,108,232,124,108,232
2023,Industriehafen,256,0,256,256,0,256
2023,Gewerbegebiet Nord,.,0,.,.,0,.
2023,Barleber See,.,.,.,.,1,.
2023,Pechau,.,.,7,.,.,7
2023,Randau-Calenberge,0,4,4,0,4,4
2023,Beyendorf-Sohlen,9,9,18,9,9,18
2023,Magdeburg,19226,15232,34458,19128,15175,34303
2022,Altstadt,2045,1647,3692,2027,1635,3662
2022,Werder,93,82,175,92,82,174
2022,Alte Neustadt,1841,1239,3080,1821,1227,3048
2022,Neue Neustadt,2227,1735,3962,2216,1732,3948
2022,Neustädter See,1152,928,2080,1145,927,2072
2022,Kannenstieg,702,606,1308,702,606,1308
2022,Neustädter Feld,544,539,1083,541,538,1079
2022,Sülzegrund,0,0,0,0,0,0
2022,Großer Silberberg,0,0,0,0,0,0
2022,Nordwest,33,35,68,33,35,68
2022,Alt Olvenstedt,32,52,84,32,52,84
2022,Neu Olvenstedt,836,708,1544,834,707,1541
2022,Stadtfeld Ost,1093,1055,2148,1081,1048,2129
2022,Stadtfeld West,261,311,572,258,307,565
2022,Diesdorf,30,27,57,30,27,57
2022,Sudenburg,1677,1432,3109,1670,1429,3099
2022,Ottersleben,97,111,208,97,111,208
2022,Lemsdorf,72,61,133,70,61,131
2022,Leipziger Straße,2062,1775,3837,2053,1762,3815
2022,Reform,608,565,1173,607,563,1170
2022,Hopfengarten,43,66,109,43,66,109
2022,Beyendorfer Grund,.,0,.,.,0,.
2022,Buckau,313,331,644,313,330,643
2022,Fermersleben,322,234,556,321,232,553
2022,Salbke,322,226,548,322,226,548
2022,Westerhüsen,97,114,211,97,114,211
2022,Brückfeld,149,160,309,149,159,308
2022,Berliner Chaussee,14,15,29,14,15,29
2022,Cracau,229,255,484,227,253,480
2022,Prester,.,.,13,.,.,13
2022,Zipkeleben,.,.,8,.,.,8
2022,Kreuzhorst,0,0,0,0,0,0
2022,Herrenkrug,252,90,342,250,89,339
2022,Rothensee,126,86,212,126,86,212
2022,Industriehafen,145,0,145,145,0,145
2022,Gewerbegebiet Nord,.,0,.,.,0,.
2022,Barleber See,.,.,.,.,.,.
2022,Pechau,.,.,.,.,.,.
2022,Randau-Calenberge,0,.,.,0,.,.
2022,Beyendorf-Sohlen,6,7,13,6,7,13
2022,Magdeburg,17440,14506,31946,17339,14440,31779
2021,Altstadt,1805,1368,3173,1785,1357,3142
2021,Werder,61,70,131,60,70,130
2021,Alte Neustadt,1790,1144,2934,1775,1130,2905
2021,Neue Neustadt,2007,1379,3386,2000,1376,3376
2021,Neustädter See,1020,703,1723,1017,701,1718
2021,Kannenstieg,614,514,1128,614,514,1128
2021,Neustädter Feld,437,362,799,435,362,797
2021,Sülzegrund,0,0,0,0,0,0
2021,Großer Silberberg,0,0,0,0,0,0
2021,Nordwest,39,25,64,39,25,64
2021,Alt Olvenstedt,26,30,56,26,30,56
2021,Neu Olvenstedt,687,493,1180,685,491,1176
2021,Stadtfeld Ost,902,731,1633,895,722,1617
2021,Stadtfeld West,179,204,383,178,201,379
2021,Diesdorf,37,19,56,37,19,56
2021,Sudenburg,1427,1100,2527,1419,1096,2515
2021,Ottersleben,67,81,148,67,81,148
2021,Lemsdorf,55,40,95,54,40,94
2021,Leipziger Straße,1770,1363,3133,1763,1353,3116
2021,Reform,453,383,836,451,379,830
2021,Hopfengarten,26,38,64,25,38,63
2021,Beyendorfer Grund,.,.,7,.,.,7
2021,Buckau,311,220,531,311,220,531
2021,Fermersleben,295,196,491,295,196,491
2021,Salbke,331,209,540,331,209,540
2021,Westerhüsen,79,70,149,78,70,148
2021,Brückfeld,134,110,244,134,110,244
2021,Berliner Chaussee,11,11,22,11,11,22
2021,Cracau,166,162,328,162,161,323
2021,Prester,.,.,10,.,.,10
2021,Zipkeleben,0,.,.,0,.,.
2021,Kreuzhorst,0,0,0,0,0,0
2021,Herrenkrug,224,97,321,223,96,319
2021,Rothensee,117,79,196,117,79,196
2021,Industriehafen,128,0,128,128,0,128
2021,Gewerbegebiet Nord,.,0,.,.,0,.
2021,Barleber See,0,0,0,0,0,0
2021,Pechau,.,.,.,.,.,.
2021,Randau-Calenberge,.,.,4,.,.,4
2021,Beyendorf-Sohlen,.,.,10,.,.,10
2021,Magdeburg,15220,11217,26437,15137,11153,26290
